Finally,14424
Additionally,8725
Interestingly,8198
Recently,5872
Importantly,4511
Similarly,3433
Surprisingly,3043
Specifically,2952
Conversely,2935
Consequently,2882
Collectively,2165
Currently,2109
Accordingly,2014
Notably,1988
Subsequently,1710
Previously,1501
Unfortunately,1489
Remarkably,1176
Unexpectedly,987
Lastly,923
Strikingly,867
Secondly,749
Alternatively,739
Intriguingly,648
Generally,630
Firstly,539
Italy,538
Consistently,514
Initially,500
Significantly,461
Traditionally,404
Ultimately,385
Histologically,379
Particularly,353
Typically,344
Clinically,329
Mechanistically,310
Historically,303
Simultaneously,266
Paradoxically,255
Postoperatively,243
Concomitantly,238
Correspondingly,233
Globally,212
Presently,203
Especially,198
Functionally,177
Usually,171
Concurrently,164
Ideally,164
Thirdly,160
Apparently,156
Immunohistochemically,154
Microscopically,153
Clearly,151
July,145
Eventually,142
Crucially,141
Fortunately,141
Occasionally,135
Increasingly,124
Histopathologically,123
Critically,122
Rarely,97
Namely,95
Totally,95
Normally,89
Briefly,88
Theoretically,88
Frequently,86
Morphologically,82
Intraoperatively,81
Presumably,77
Actually,74
Curiously,74
Experimentally,73
Obviously,69
Ultrastructurally,69
Preoperatively,68
Conclusively,66
Classically,62
Cumulatively,55
Retrospectively,53
Commonly,51
Evidently,48
Inversely,47
Behaviorally,46
Conventionally,46
Noticeably,46
Possibly,46
Statistically,46
Contrarily,43
Grossly,43
Hopefully,43
Reciprocally,43
Potentially,41
Structurally,41
Essentially,40
Probably,40
Radiographically,40
Separately,40
Macroscopically,38
Individually,37
Physiologically,37
Biochemically,36
Lately,36
Nationally,35
Approximately,34
Quantitatively,32
Radiologically,32
Uniquely,32
Incidentally,31
Comparatively,30
Concordantly,30
Qualitatively,30
Basically,29
Broadly,29
Early,28
Sicily,28
Pathologically,27
Internationally,26
Conceivably,25
Phylogenetically,25
Conceptually,24
Contrastingly,24
Independently,24
Intuitively,24
Analogously,23
Annually,23
Equally,23
Primarily,23
Arguably,22
Certainly,22
Ironically,22
Originally,22
Undoubtedly,22
Mostly,21
Phenotypically,21
Family,20
Secondarily,20
Specially,20
Expectedly,19
Genetically,19
Prospectively,19
Encouragingly,18
Fourthly,18
Mathematically,18
Naturally,18
Worryingly,18
Unsurprisingly,17
Anatomically,16
Characteristically,16
Differently,16
Likely,16
Locally,16
Reportedly,16
Technically,16
Alternately,15
Respectively,15
Coincidentally,14
Counterintuitively,14
Immediately,14
Predictably,14
Unusually,14
Longitudinally,13
Methodologically,13
Practically,13
Additionaly,12
Biologically,12
Sadly,12
Computationally,11
Geographically,11
Molecularly,11
Precisely,11
Regrettably,11
Amazingly,10
Consequentially,10
Empirically,10
Inevitably,10
Preferably,10
Spatially,10
Anecdotally,9
Evolutionarily,9
Only,9
Periodically,9
Perioperatively,9
Predominantly,9
Reassuringly,9
Serologically,9
Congruently,8
Cytologically,8
Daily,8
Hypothetically,8
Intracellularly,8
Mainly,8
Regionally,8
Relatively,8
Acutely,7
Assembly,7
Astonishingly,7
Behaviourally,7
Developmentally,7
Endoscopically,7
Kelly,7
Neuropathologically,7
Overwhelmingly,7
Principally,7
Relevantly,7
Routinely,7
Serendipitously,7
Tentatively,7
Virtually,7
Concretely,6
Electrophysiologically,6
Exceptionally,6
Exemplarily,6
Extracellularly,6
Formally,6
Formerly,6
Fundamentally,6
Gradually,6
Immunologically,6
Invariably,6
Jointly,6
Largely,6
Lilly,6
Logically,6
Nearly,6
Operationally,6
Optimally,6
Postnatally,6
Subjectively,6
Successively,6
Temporally,6
Understandably,6
Admittedly,5
Analytically,5
Complementarily,5
Consecutively,5
Cytochemically,5
Dentsply,5
Epidemiologically,5
Excitingly,5
Externally,5
Histochemically,5
Immunocytochemically,5
Impressively,5
Kinetically,5
Pathophysiologically,5
Pharmacologically,5
Reilly,5
Systemically,5
Uncommonly,5
Alarmingly,4
Architecturally,4
Bilaterally,4
Biomechanically,4
Centrally,4
Coincidently,4
Conservatively,4
Contemporaneously,4
Contextually,4
Disappointingly,4
Distally,4
Ecologically,4
Effectively,4
Ethnically,4
Fascinatingly,4
Histomorphometrically,4
Immunohistologically,4
Infrequently,4
Jelly,4
Markedly,4
Neurally,4
Numerically,4
Oppositely,4
Optionally,4
Physically,4
Posteriorly,4
Preclinically,4
Progressively,4
Reversely,4
Suddenly,4
Summarily,4
Taxonomically,4
Therapeutically,4
Topologically,4
Unprecedentedly,4
Anaerobically,3
Analogically,3
Angiographically,3
Antenatally,3
Atypically,3
Bailly,3
Baly,3
Chemically,3
Chronically,3
Chronologically,3
Commercially,3
Connolly,3
Correlatively,3
Customarily,3
Elderly,3
Etiologically,3
Explicitly,3
Fittingly,3
Fortuitously,3
Implicitly,3
Indirectly,3
Intrestingly,3
Laparoscopically,3
Latterly,3
Mechanically,3
Metrically,3
Microbiologically,3
Multivariately,3
Neurobiologically,3
Neurophysiologically,3
Oddly,3
Ordinarily,3
Peripherally,3
Pharmacodynamically,3
Postprandially,3
Preliminarily,3
Proportionally,3
Randomly,3
Realistically,3
Roughly,3
Scientifically,3
Scully,3
Superfamily,3
Suprisingly,3
Surgically,3
Tellingly,3
Thankfully,3
Thessaly,3
Timely,3
Unpredictably,3
Visually,3
Accordantly,2
Aditionally,2
Aerobically,2
Algorithmically,2
Arthroscopically,2
Biophysically,2
Bizarrely,2
Booly,2
Chiefly,2
Clinicopathologically,2
Coherently,2
Collaterally,2
Comprehensively,2
Considerably,2
Conspicuously,2
Continuously,2
Conversly,2
Corroboratively,2
Cytogenetically,2
Definitely,2
Demographically,2
Dfly,2
Diagnostically,2
Disconcertingly,2
Distinctively,2
Disturbingly,2
Ectrodactyly,2
Embryologically,2
Emotionally,2
Energetically,2
Ethically,2
Geometrically,2
Hemodynamically,2
Inexplicably,2
Informally,2
Interestedly,2
Intermittently,2
Internally,2
Intraorally,2
Intrinsically,2
Iteratively,2
Jekely,2
Joly,2
Lamentably,2
Luckily,2
Maternally,2
Medicinally,2
Micrencephaly,2
Minimally,2
Monthly,2
Morally,2
Morphometrically,2
Multivariably,2
Neuroanatomically,2
Neurochemically,2
Neurologically,2
Notablely,2
Opportunely,2
Orally,2
Ostensibly,2
Parallely,2
Parenthetically,2
Partially,2
Partly,2
Pathogenetically,2
Peroperatively,2
Phytogeographically,2
Postmeiotically,2
Postsynaptically,2
Prenatally,2
Prognostically,2
Proximally,2
Psychologically,2
Psychophysically,2
Putatively,2
Puzzlingly,2
Rapidly,2
Regretfully,2
Regularly,2
Relatedly,2
Seasonally,2
Sequentially,2
Simplistically,2
Singly,2
Speculatively,2
Spindly,2
Splenomegaly,2
Spontaneously,2
Sporadically,2
Successfully,2
Superficially,2
Supposedly,2
Symptomatically,2
Systematically,2
Terminally,2
Topically,2
Ultrasonographically,2
Uniformly,2
Univariately,2
Unlikely,2
Yearly,2
Aboaly,1
Acceptably,1
Accidentally,1
Acly,1
Acromegaly,1
Additionly,1
Additonally,1
Advantageously,1
Adventitiously,1
Adversely,1
Advisably,1
Aesthetically,1
Aetiologically,1
Affectively,1
Allegedly,1
Anteriorly,1
Apically,1
Appropriately,1
Archaeologically,1
Arespectively,1
Bacteriologically,1
Bareilly,1
Basally,1
Beautifully,1
Beverly,1
Bioinformatically,1
Biosynthetically,1
Bodily,1
Byerly,1
Canonically,1
Causally,1
Cellularly,1
Cephalometrically,1
Clasically,1
Climatologically,1
Coincidingly,1
Comparably,1
Compatibly,1
Compellingly,1
Complimentarily,1
Concordingly,1
Concurringly,1
Conformably,1
Conjecturally,1
Connoly,1
Consquentially,1
Constitutively,1
Contradictorily,1
Controversly,1
Conversantly,1
Coronally,1
Cosmetically,1
Covalently,1
Cranially,1
Culturally,1
Curiosly,1
Cytomorphologically,1
Cytopathologically,1
Decisively,1
Delightfully,1
Densply,1
Descriptively,1
Desirably,1
Dewailly,1
Dimensionally,1
Directly,1
Disappointedly,1
Distinctly,1
Dolly,1
Echographically,1
Electronically,1
Electronmicroscopically,1
Electrophoretically,1
Emphatically,1
Endogenously,1
Endosonographically,1
Enthrallingly,1
Enzymatically,1
Erroneously,1
Ethnopharmacologically,1
Evocatively,1
Exclusively,1
Expectably,1
Expectantly,1
Extragingivally,1
Extraorally,1
Extremely,1
Feasibly,1
Feraly,1
Fifthly,1
Finallly,1
Findingsinitially,1
Focally,1
Frustratingly,1
Ganguly,1
Generically,1
Genomically,1
Genotypically,1
Gergely,1
Gratifyingly,1
Greely,1
Gully,1
Habitually,1
Happily,1
Hemperly,1
Hepatosplenomegaly,1
Hisologically,1
Holly,1
Holoprosencephaly,1
Hooghly,1
Identically,1
Ignificantly,1
Immuhistochemically,1
Immunochemically,1
Immunophenotypically,1
Inadvertently,1
Indisputably,1
Industrially,1
Inferiorly,1
Inherently,1
Inspiringly,1
Interspecifically,1
Interstingly,1
Intialy,1
Intradurally,1
Intrahepatically,1
Intralysosomally,1
Intraperitonally,1
Intraspecifically,1
Intriguinly,1
Intringuingly,1
Ipsilaterally,1
Isely,1
Karunagappally,1
Karyologically,1
Lally,1
Laterally,1
Legally,1
Lily,1
Literally,1
Logistically,1
Lovely,1
Macropharmacologically,1
Marginally,1
Metabolically,1
Meteorologically,1
Methodically,1
Microcephaly,1
Microregionally,1
Moberly,1
Modestly,1
Muhly,1
Naively,1
Nally,1
Natively,1
Naturalistically,1
Neatly,1
Nomenclaturally,1
Noteworthily,1
Nouzilly,1
Nutritionally,1
Objectively,1
Observationally,1
Oceanographically,1
Ontogenetically,1
Ontogenically,1
Ophthalmoscopically,1
Optically,1
Orly,1
Osmotically,1
Outstandingly,1
Pathohistologically,1
Pathomorphologically,1
Perceptually,1
Perinatally,1
Perioperaively,1
Peroperativly,1
Perplexingly,1
Pertinently,1
Pharmacokinetically,1
Phenomenologically,1
Philly,1
Philosophically,1
Phongsaly,1
Phylogenitically,1
Phylogentically,1
Phytochemically,1
Pivotally,1
Plausibly,1
Positionally,1
Postauricularly,1
Postsurgically,1
Pragmatically,1
Preauricularly,1
Preferentially,1
Premenstrually,1
Problematically,1
Prominently,1
Promisingly,1
Proportionately,1
Provisionally,1
Proximately,1
Prudently,1
Quickly,1
Rahilly,1
Rationally,1
Really,1
Reassembly,1
Recurrently,1
Renomegaly,1
Repressingly,1
Resultantly,1
Resultspreviously,1
Revealingly,1
Rheologically,1
Rhetorically,1
Scilly,1
Seemingly,1
Selectively,1
Semiannually,1
Sequently,1
Shortly,1
Simulteneously,1
Socially,1
Socioeconomically,1
Spectacularly,1
Spectroscopically,1
Startlingly,1
Steadily,1
Strangely,1
Subcellularly,1
Substantially,1
Substantively,1
Suggestively,1
Summatively,1
Superiorly,1
Supply,1
Surely,1
Synchronously,1
Syntactically,1
Synthetically,1
Technologically,1
Temporarily,1
Thermodynamically,1
Thoracically,1
Tinctorially,1
Transmurally,1
Tribally,1
Trivially,1
Ultrascructurally,1
Ultrasonically,1
Ultrastructually,1
Undeniably,1
Undesirably,1
Unequivocally,1
Unexplainably,1
Unfortunatly,1
Unintentionally,1
Univariably,1
Universally,1
Unknowingly,1
Unquestionably,1
Untypically,1
Utrastructurally,1
Wailly,1
Weekly,1
Wessely,1
Whitely,1
Willy,1
Worrisomely,1
